-- MySQL dump 10.13  Distrib 5.7.31, for osx10.15 (x86_64)
--
-- Host: localhost    Database: legoland
-- ------------------------------------------------------
-- Server version	5.7.31

/*!40101 SET @OLD_CHARACTER_SET_CLIENT=@@CHARACTER_SET_CLIENT */;
/*!40101 SET @OLD_CHARACTER_SET_RESULTS=@@CHARACTER_SET_RESULTS */;
/*!40101 SET @OLD_COLLATION_CONNECTION=@@COLLATION_CONNECTION */;
/*!40101 SET NAMES utf8 */;
/*!40103 SET @OLD_TIME_ZONE=@@TIME_ZONE */;
/*!40103 SET TIME_ZONE='+00:00' */;
/*!40014 SET @OLD_UNIQUE_CHECKS=@@UNIQUE_CHECKS, UNIQUE_CHECKS=0 */;
/*!40014 SET @OLD_FOREIGN_KEY_CHECKS=@@FOREIGN_KEY_CHECKS, FOREIGN_KEY_CHECKS=0 */;
/*!40101 SET @OLD_SQL_MODE=@@SQL_MODE, SQL_MODE='NO_AUTO_VALUE_ON_ZERO' */;
/*!40111 SET @OLD_SQL_NOTES=@@SQL_NOTES, SQL_NOTES=0 */;

--
-- Table structure for table `inventory`
--

DROP TABLE IF EXISTS `inventory`;
/*!40101 SET @saved_cs_client     = @@character_set_client */;
/*!40101 SET character_set_client = utf8 */;
CREATE TABLE `inventory` (
  `id` int(11) NOT NULL AUTO_INCREMENT,
  `inventory` int(3) NOT NULL,
  `product_id` int(3) NOT NULL,
  `store_id` int(2) NOT NULL,
  PRIMARY KEY (`id`),
  KEY `product_id` (`product_id`),
  KEY `store_id` (`store_id`),
  CONSTRAINT `inventory_ibfk_1` FOREIGN KEY (`product_id`) REFERENCES `products` (`id`),
  CONSTRAINT `inventory_ibfk_2` FOREIGN KEY (`store_id`) REFERENCES `stores` (`id`)
) ENGINE=InnoDB AUTO_INCREMENT=2001 DEFAULT CHARSET=utf8;
/*!40101 SET character_set_client = @saved_cs_client */;

--
-- Dumping data for table `inventory`
--

LOCK TABLES `inventory` WRITE;
/*!40000 ALTER TABLE `inventory` DISABLE KEYS */;
INSERT INTO `inventory` VALUES (1,0,1,1),(2,1,1,2),(3,0,1,3),(4,12,1,4),(5,0,1,5),(6,0,1,6),(7,0,1,7),(8,0,1,8),(9,13,1,9),(10,12,1,10),(11,0,1,11),(12,10,1,12),(13,0,1,13),(14,0,1,14),(15,0,1,15),(16,0,1,16),(17,0,1,17),(18,0,1,18),(19,0,1,19),(20,14,1,20),(21,2,2,1),(22,12,2,2),(23,0,2,3),(24,0,2,4),(25,16,2,5),(26,0,2,6),(27,0,2,7),(28,0,2,8),(29,7,2,9),(30,18,2,10),(31,13,2,11),(32,17,2,12),(33,15,2,13),(34,0,2,14),(35,5,2,15),(36,0,2,16),(37,0,2,17),(38,9,2,18),(39,0,2,19),(40,0,2,20),(41,0,3,1),(42,0,3,2),(43,0,3,3),(44,11,3,4),(45,8,3,5),(46,0,3,6),(47,2,3,7),(48,0,3,8),(49,1,3,9),(50,0,3,10),(51,0,3,11),(52,0,3,12),(53,0,3,13),(54,0,3,14),(55,19,3,15),(56,10,3,16),(57,0,3,17),(58,0,3,18),(59,8,3,19),(60,0,3,20),(61,11,4,1),(62,10,4,2),(63,20,4,3),(64,2,4,4),(65,0,4,5),(66,0,4,6),(67,0,4,7),(68,0,4,8),(69,0,4,9),(70,15,4,10),(71,13,4,11),(72,0,4,12),(73,20,4,13),(74,13,4,14),(75,15,4,15),(76,0,4,16),(77,19,4,17),(78,11,4,18),(79,0,4,19),(80,17,4,20),(81,0,5,1),(82,5,5,2),(83,0,5,3),(84,13,5,4),(85,13,5,5),(86,1,5,6),(87,0,5,7),(88,4,5,8),(89,14,5,9),(90,16,5,10),(91,0,5,11),(92,0,5,12),(93,20,5,13),(94,0,5,14),(95,0,5,15),(96,0,5,16),(97,0,5,17),(98,0,5,18),(99,7,5,19),(100,0,5,20),(101,5,6,1),(102,0,6,2),(103,0,6,3),(104,0,6,4),(105,0,6,5),(106,0,6,6),(107,17,6,7),(108,0,6,8),(109,0,6,9),(110,16,6,10),(111,16,6,11),(112,17,6,12),(113,0,6,13),(114,7,6,14),(115,0,6,15),(116,16,6,16),(117,0,6,17),(118,0,6,18),(119,20,6,19),(120,0,6,20),(121,0,7,1),(122,0,7,2),(123,15,7,3),(124,0,7,4),(125,0,7,5),(126,0,7,6),(127,0,7,7),(128,0,7,8),(129,0,7,9),(130,0,7,10),(131,3,7,11),(132,0,7,12),(133,13,7,13),(134,0,7,14),(135,0,7,15),(136,2,7,16),(137,0,7,17),(138,0,7,18),(139,0,7,19),(140,17,7,20),(141,0,8,1),(142,0,8,2),(143,0,8,3),(144,0,8,4),(145,4,8,5),(146,11,8,6),(147,8,8,7),(148,17,8,8),(149,7,8,9),(150,0,8,10),(151,0,8,11),(152,6,8,12),(153,0,8,13),(154,10,8,14),(155,0,8,15),(156,14,8,16),(157,0,8,17),(158,17,8,18),(159,0,8,19),(160,5,8,20),(161,1,9,1),(162,0,9,2),(163,13,9,3),(164,0,9,4),(165,0,9,5),(166,6,9,6),(167,12,9,7),(168,15,9,8),(169,6,9,9),(170,19,9,10),(171,0,9,11),(172,1,9,12),(173,5,9,13),(174,11,9,14),(175,0,9,15),(176,13,9,16),(177,15,9,17),(178,0,9,18),(179,10,9,19),(180,0,9,20),(181,4,10,1),(182,3,10,2),(183,18,10,3),(184,15,10,4),(185,4,10,5),(186,7,10,6),(187,16,10,7),(188,0,10,8),(189,4,10,9),(190,3,10,10),(191,19,10,11),(192,14,10,12),(193,1,10,13),(194,0,10,14),(195,0,10,15),(196,6,10,16),(197,2,10,17),(198,18,10,18),(199,2,10,19),(200,0,10,20),(201,0,11,1),(202,0,11,2),(203,0,11,3),(204,0,11,4),(205,14,11,5),(206,0,11,6),(207,13,11,7),(208,0,11,8),(209,0,11,9),(210,6,11,10),(211,0,11,11),(212,0,11,12),(213,0,11,13),(214,0,11,14),(215,0,11,15),(216,0,11,16),(217,20,11,17),(218,19,11,18),(219,11,11,19),(220,6,11,20),(221,0,12,1),(222,9,12,2),(223,10,12,3),(224,9,12,4),(225,0,12,5),(226,0,12,6),(227,11,12,7),(228,5,12,8),(229,0,12,9),(230,10,12,10),(231,15,12,11),(232,14,12,12),(233,9,12,13),(234,4,12,14),(235,0,12,15),(236,0,12,16),(237,0,12,17),(238,0,12,18),(239,10,12,19),(240,0,12,20),(241,1,13,1),(242,15,13,2),(243,12,13,3),(244,12,13,4),(245,0,13,5),(246,0,13,6),(247,13,13,7),(248,0,13,8),(249,0,13,9),(250,0,13,10),(251,3,13,11),(252,2,13,12),(253,0,13,13),(254,0,13,14),(255,0,13,15),(256,0,13,16),(257,11,13,17),(258,12,13,18),(259,5,13,19),(260,0,13,20),(261,0,14,1),(262,0,14,2),(263,0,14,3),(264,0,14,4),(265,17,14,5),(266,0,14,6),(267,0,14,7),(268,17,14,8),(269,0,14,9),(270,7,14,10),(271,13,14,11),(272,0,14,12),(273,0,14,13),(274,0,14,14),(275,20,14,15),(276,0,14,16),(277,3,14,17),(278,0,14,18),(279,19,14,19),(280,0,14,20),(281,0,15,1),(282,0,15,2),(283,0,15,3),(284,0,15,4),(285,3,15,5),(286,0,15,6),(287,9,15,7),(288,0,15,8),(289,0,15,9),(290,1,15,10),(291,8,15,11),(292,0,15,12),(293,17,15,13),(294,13,15,14),(295,0,15,15),(296,20,15,16),(297,0,15,17),(298,20,15,18),(299,19,15,19),(300,19,15,20),(301,0,16,1),(302,12,16,2),(303,0,16,3),(304,15,16,4),(305,0,16,5),(306,14,16,6),(307,0,16,7),(308,12,16,8),(309,0,16,9),(310,0,16,10),(311,18,16,11),(312,18,16,12),(313,0,16,13),(314,20,16,14),(315,11,16,15),(316,0,16,16),(317,11,16,17),(318,8,16,18),(319,8,16,19),(320,0,16,20),(321,0,17,1),(322,6,17,2),(323,0,17,3),(324,15,17,4),(325,9,17,5),(326,10,17,6),(327,10,17,7),(328,0,17,8),(329,13,17,9),(330,1,17,10),(331,2,17,11),(332,11,17,12),(333,0,17,13),(334,20,17,14),(335,18,17,15),(336,0,17,16),(337,0,17,17),(338,0,17,18),(339,0,17,19),(340,6,17,20),(341,0,18,1),(342,0,18,2),(343,0,18,3),(344,0,18,4),(345,0,18,5),(346,18,18,6),(347,0,18,7),(348,3,18,8),(349,4,18,9),(350,0,18,10),(351,7,18,11),(352,0,18,12),(353,17,18,13),(354,0,18,14),(355,0,18,15),(356,9,18,16),(357,5,18,17),(358,2,18,18),(359,0,18,19),(360,18,18,20),(361,6,19,1),(362,0,19,2),(363,17,19,3),(364,9,19,4),(365,17,19,5),(366,7,19,6),(367,10,19,7),(368,13,19,8),(369,15,19,9),(370,2,19,10),(371,0,19,11),(372,17,19,12),(373,10,19,13),(374,18,19,14),(375,0,19,15),(376,0,19,16),(377,5,19,17),(378,5,19,18),(379,0,19,19),(380,7,19,20),(381,1,20,1),(382,12,20,2),(383,0,20,3),(384,12,20,4),(385,9,20,5),(386,8,20,6),(387,0,20,7),(388,0,20,8),(389,1,20,9),(390,1,20,10),(391,0,20,11),(392,0,20,12),(393,0,20,13),(394,19,20,14),(395,0,20,15),(396,12,20,16),(397,0,20,17),(398,15,20,18),(399,2,20,19),(400,12,20,20),(401,6,21,1),(402,12,21,2),(403,15,21,3),(404,0,21,4),(405,11,21,5),(406,7,21,6),(407,11,21,7),(408,0,21,8),(409,13,21,9),(410,0,21,10),(411,0,21,11),(412,0,21,12),(413,0,21,13),(414,0,21,14),(415,0,21,15),(416,0,21,16),(417,12,21,17),(418,0,21,18),(419,0,21,19),(420,0,21,20),(421,17,22,1),(422,0,22,2),(423,15,22,3),(424,3,22,4),(425,1,22,5),(426,0,22,6),(427,0,22,7),(428,2,22,8),(429,18,22,9),(430,0,22,10),(431,9,22,11),(432,0,22,12),(433,19,22,13),(434,10,22,14),(435,5,22,15),(436,0,22,16),(437,1,22,17),(438,5,22,18),(439,2,22,19),(440,1,22,20),(441,5,23,1),(442,8,23,2),(443,20,23,3),(444,0,23,4),(445,4,23,5),(446,0,23,6),(447,0,23,7),(448,15,23,8),(449,0,23,9),(450,8,23,10),(451,0,23,11),(452,0,23,12),(453,1,23,13),(454,0,23,14),(455,0,23,15),(456,0,23,16),(457,0,23,17),(458,0,23,18),(459,0,23,19),(460,0,23,20),(461,1,24,1),(462,8,24,2),(463,9,24,3),(464,2,24,4),(465,8,24,5),(466,0,24,6),(467,15,24,7),(468,0,24,8),(469,4,24,9),(470,11,24,10),(471,0,24,11),(472,0,24,12),(473,1,24,13),(474,0,24,14),(475,11,24,15),(476,9,24,16),(477,0,24,17),(478,1,24,18),(479,11,24,19),(480,0,24,20),(481,0,25,1),(482,5,25,2),(483,9,25,3),(484,1,25,4),(485,17,25,5),(486,0,25,6),(487,5,25,7),(488,0,25,8),(489,19,25,9),(490,0,25,10),(491,5,25,11),(492,10,25,12),(493,19,25,13),(494,20,25,14),(495,0,25,15),(496,9,25,16),(497,19,25,17),(498,1,25,18),(499,5,25,19),(500,1,25,20),(501,0,26,1),(502,16,26,2),(503,14,26,3),(504,19,26,4),(505,14,26,5),(506,8,26,6),(507,0,26,7),(508,6,26,8),(509,15,26,9),(510,0,26,10),(511,0,26,11),(512,12,26,12),(513,0,26,13),(514,7,26,14),(515,7,26,15),(516,6,26,16),(517,0,26,17),(518,0,26,18),(519,0,26,19),(520,0,26,20),(521,0,27,1),(522,6,27,2),(523,1,27,3),(524,0,27,4),(525,14,27,5),(526,0,27,6),(527,17,27,7),(528,16,27,8),(529,0,27,9),(530,9,27,10),(531,9,27,11),(532,18,27,12),(533,0,27,13),(534,0,27,14),(535,0,27,15),(536,0,27,16),(537,0,27,17),(538,15,27,18),(539,0,27,19),(540,0,27,20),(541,0,28,1),(542,0,28,2),(543,0,28,3),(544,5,28,4),(545,0,28,5),(546,2,28,6),(547,13,28,7),(548,12,28,8),(549,4,28,9),(550,0,28,10),(551,8,28,11),(552,9,28,12),(553,0,28,13),(554,0,28,14),(555,19,28,15),(556,15,28,16),(557,19,28,17),(558,15,28,18),(559,0,28,19),(560,0,28,20),(561,0,29,1),(562,0,29,2),(563,0,29,3),(564,20,29,4),(565,0,29,5),(566,0,29,6),(567,14,29,7),(568,0,29,8),(569,0,29,9),(570,7,29,10),(571,13,29,11),(572,0,29,12),(573,0,29,13),(574,0,29,14),(575,16,29,15),(576,6,29,16),(577,0,29,17),(578,7,29,18),(579,9,29,19),(580,11,29,20),(581,15,30,1),(582,0,30,2),(583,19,30,3),(584,7,30,4),(585,12,30,5),(586,18,30,6),(587,20,30,7),(588,7,30,8),(589,0,30,9),(590,0,30,10),(591,8,30,11),(592,0,30,12),(593,0,30,13),(594,0,30,14),(595,15,30,15),(596,0,30,16),(597,0,30,17),(598,2,30,18),(599,0,30,19),(600,0,30,20),(601,0,31,1),(602,4,31,2),(603,0,31,3),(604,13,31,4),(605,0,31,5),(606,0,31,6),(607,0,31,7),(608,0,31,8),(609,16,31,9),(610,2,31,10),(611,12,31,11),(612,0,31,12),(613,0,31,13),(614,14,31,14),(615,18,31,15),(616,13,31,16),(617,8,31,17),(618,15,31,18),(619,18,31,19),(620,0,31,20),(621,0,32,1),(622,0,32,2),(623,0,32,3),(624,0,32,4),(625,11,32,5),(626,0,32,6),(627,9,32,7),(628,0,32,8),(629,12,32,9),(630,0,32,10),(631,11,32,11),(632,0,32,12),(633,2,32,13),(634,0,32,14),(635,0,32,15),(636,0,32,16),(637,0,32,17),(638,18,32,18),(639,0,32,19),(640,0,32,20),(641,0,33,1),(642,0,33,2),(643,0,33,3),(644,0,33,4),(645,0,33,5),(646,0,33,6),(647,0,33,7),(648,14,33,8),(649,0,33,9),(650,9,33,10),(651,0,33,11),(652,11,33,12),(653,0,33,13),(654,0,33,14),(655,8,33,15),(656,0,33,16),(657,0,33,17),(658,0,33,18),(659,0,33,19),(660,18,33,20),(661,0,34,1),(662,0,34,2),(663,0,34,3),(664,0,34,4),(665,0,34,5),(666,9,34,6),(667,10,34,7),(668,16,34,8),(669,0,34,9),(670,14,34,10),(671,0,34,11),(672,0,34,12),(673,0,34,13),(674,9,34,14),(675,12,34,15),(676,0,34,16),(677,12,34,17),(678,19,34,18),(679,0,34,19),(680,18,34,20),(681,15,35,1),(682,3,35,2),(683,0,35,3),(684,12,35,4),(685,0,35,5),(686,7,35,6),(687,0,35,7),(688,15,35,8),(689,0,35,9),(690,13,35,10),(691,0,35,11),(692,0,35,12),(693,12,35,13),(694,13,35,14),(695,18,35,15),(696,8,35,16),(697,6,35,17),(698,0,35,18),(699,18,35,19),(700,0,35,20),(701,6,36,1),(702,18,36,2),(703,0,36,3),(704,14,36,4),(705,14,36,5),(706,0,36,6),(707,2,36,7),(708,0,36,8),(709,18,36,9),(710,17,36,10),(711,6,36,11),(712,16,36,12),(713,19,36,13),(714,6,36,14),(715,12,36,15),(716,0,36,16),(717,0,36,17),(718,18,36,18),(719,0,36,19),(720,14,36,20),(721,20,37,1),(722,0,37,2),(723,3,37,3),(724,0,37,4),(725,2,37,5),(726,9,37,6),(727,0,37,7),(728,0,37,8),(729,0,37,9),(730,5,37,10),(731,0,37,11),(732,0,37,12),(733,3,37,13),(734,0,37,14),(735,0,37,15),(736,15,37,16),(737,0,37,17),(738,0,37,18),(739,16,37,19),(740,13,37,20),(741,0,38,1),(742,0,38,2),(743,12,38,3),(744,15,38,4),(745,0,38,5),(746,0,38,6),(747,0,38,7),(748,20,38,8),(749,0,38,9),(750,16,38,10),(751,3,38,11),(752,0,38,12),(753,0,38,13),(754,0,38,14),(755,12,38,15),(756,18,38,16),(757,5,38,17),(758,0,38,18),(759,19,38,19),(760,0,38,20),(761,0,39,1),(762,9,39,2),(763,1,39,3),(764,0,39,4),(765,0,39,5),(766,12,39,6),(767,19,39,7),(768,0,39,8),(769,0,39,9),(770,3,39,10),(771,0,39,11),(772,13,39,12),(773,0,39,13),(774,0,39,14),(775,7,39,15),(776,11,39,16),(777,0,39,17),(778,18,39,18),(779,0,39,19),(780,4,39,20),(781,3,40,1),(782,17,40,2),(783,10,40,3),(784,3,40,4),(785,0,40,5),(786,19,40,6),(787,0,40,7),(788,9,40,8),(789,13,40,9),(790,0,40,10),(791,0,40,11),(792,0,40,12),(793,11,40,13),(794,0,40,14),(795,1,40,15),(796,0,40,16),(797,15,40,17),(798,0,40,18),(799,4,40,19),(800,0,40,20),(801,0,41,1),(802,13,41,2),(803,0,41,3),(804,0,41,4),(805,1,41,5),(806,0,41,6),(807,9,41,7),(808,0,41,8),(809,0,41,9),(810,18,41,10),(811,0,41,11),(812,13,41,12),(813,0,41,13),(814,0,41,14),(815,0,41,15),(816,18,41,16),(817,0,41,17),(818,0,41,18),(819,6,41,19),(820,0,41,20),(821,16,42,1),(822,9,42,2),(823,0,42,3),(824,0,42,4),(825,5,42,5),(826,0,42,6),(827,9,42,7),(828,0,42,8),(829,20,42,9),(830,0,42,10),(831,0,42,11),(832,0,42,12),(833,0,42,13),(834,5,42,14),(835,0,42,15),(836,7,42,16),(837,0,42,17),(838,13,42,18),(839,5,42,19),(840,19,42,20),(841,0,43,1),(842,19,43,2),(843,17,43,3),(844,11,43,4),(845,14,43,5),(846,0,43,6),(847,0,43,7),(848,0,43,8),(849,0,43,9),(850,0,43,10),(851,0,43,11),(852,15,43,12),(853,9,43,13),(854,10,43,14),(855,8,43,15),(856,13,43,16),(857,8,43,17),(858,3,43,18),(859,0,43,19),(860,10,43,20),(861,0,44,1),(862,1,44,2),(863,0,44,3),(864,1,44,4),(865,0,44,5),(866,18,44,6),(867,15,44,7),(868,16,44,8),(869,0,44,9),(870,0,44,10),(871,0,44,11),(872,0,44,12),(873,6,44,13),(874,0,44,14),(875,12,44,15),(876,0,44,16),(877,3,44,17),(878,11,44,18),(879,16,44,19),(880,0,44,20),(881,0,45,1),(882,15,45,2),(883,0,45,3),(884,16,45,4),(885,0,45,5),(886,0,45,6),(887,0,45,7),(888,0,45,8),(889,0,45,9),(890,11,45,10),(891,4,45,11),(892,5,45,12),(893,18,45,13),(894,15,45,14),(895,9,45,15),(896,11,45,16),(897,8,45,17),(898,0,45,18),(899,6,45,19),(900,14,45,20),(901,0,46,1),(902,0,46,2),(903,0,46,3),(904,0,46,4),(905,11,46,5),(906,0,46,6),(907,17,46,7),(908,0,46,8),(909,8,46,9),(910,0,46,10),(911,18,46,11),(912,17,46,12),(913,0,46,13),(914,0,46,14),(915,4,46,15),(916,19,46,16),(917,0,46,17),(918,0,46,18),(919,15,46,19),(920,8,46,20),(921,0,47,1),(922,0,47,2),(923,18,47,3),(924,10,47,4),(925,18,47,5),(926,7,47,6),(927,16,47,7),(928,0,47,8),(929,11,47,9),(930,3,47,10),(931,0,47,11),(932,9,47,12),(933,13,47,13),(934,8,47,14),(935,0,47,15),(936,16,47,16),(937,0,47,17),(938,9,47,18),(939,0,47,19),(940,0,47,20),(941,20,48,1),(942,9,48,2),(943,0,48,3),(944,0,48,4),(945,0,48,5),(946,0,48,6),(947,0,48,7),(948,0,48,8),(949,19,48,9),(950,20,48,10),(951,13,48,11),(952,0,48,12),(953,0,48,13),(954,0,48,14),(955,14,48,15),(956,0,48,16),(957,0,48,17),(958,18,48,18),(959,11,48,19),(960,8,48,20),(961,0,49,1),(962,2,49,2),(963,15,49,3),(964,16,49,4),(965,12,49,5),(966,0,49,6),(967,6,49,7),(968,10,49,8),(969,2,49,9),(970,16,49,10),(971,0,49,11),(972,0,49,12),(973,9,49,13),(974,8,49,14),(975,1,49,15),(976,0,49,16),(977,0,49,17),(978,0,49,18),(979,14,49,19),(980,8,49,20),(981,0,50,1),(982,0,50,2),(983,0,50,3),(984,17,50,4),(985,13,50,5),(986,12,50,6),(987,19,50,7),(988,0,50,8),(989,0,50,9),(990,11,50,10),(991,0,50,11),(992,0,50,12),(993,17,50,13),(994,0,50,14),(995,9,50,15),(996,20,50,16),(997,0,50,17),(998,0,50,18),(999,0,50,19),(1000,0,50,20),(1001,15,51,1),(1002,0,51,2),(1003,0,51,3),(1004,0,51,4),(1005,0,51,5),(1006,6,51,6),(1007,0,51,7),(1008,0,51,8),(1009,0,51,9),(1010,2,51,10),(1011,0,51,11),(1012,7,51,12),(1013,0,51,13),(1014,10,51,14),(1015,0,51,15),(1016,0,51,16),(1017,9,51,17),(1018,0,51,18),(1019,17,51,19),(1020,0,51,20),(1021,13,52,1),(1022,0,52,2),(1023,0,52,3),(1024,0,52,4),(1025,0,52,5),(1026,0,52,6),(1027,7,52,7),(1028,13,52,8),(1029,12,52,9),(1030,2,52,10),(1031,0,52,11),(1032,0,52,12),(1033,17,52,13),(1034,0,52,14),(1035,0,52,15),(1036,0,52,16),(1037,0,52,17),(1038,12,52,18),(1039,0,52,19),(1040,0,52,20),(1041,0,53,1),(1042,0,53,2),(1043,9,53,3),(1044,4,53,4),(1045,0,53,5),(1046,13,53,6),(1047,4,53,7),(1048,9,53,8),(1049,0,53,9),(1050,19,53,10),(1051,17,53,11),(1052,5,53,12),(1053,10,53,13),(1054,10,53,14),(1055,19,53,15),(1056,3,53,16),(1057,0,53,17),(1058,2,53,18),(1059,20,53,19),(1060,0,53,20),(1061,19,54,1),(1062,0,54,2),(1063,0,54,3),(1064,6,54,4),(1065,0,54,5),(1066,0,54,6),(1067,10,54,7),(1068,0,54,8),(1069,3,54,9),(1070,6,54,10),(1071,0,54,11),(1072,0,54,12),(1073,19,54,13),(1074,7,54,14),(1075,0,54,15),(1076,1,54,16),(1077,0,54,17),(1078,0,54,18),(1079,10,54,19),(1080,0,54,20),(1081,20,55,1),(1082,13,55,2),(1083,0,55,3),(1084,7,55,4),(1085,9,55,5),(1086,10,55,6),(1087,0,55,7),(1088,0,55,8),(1089,0,55,9),(1090,0,55,10),(1091,0,55,11),(1092,7,55,12),(1093,0,55,13),(1094,0,55,14),(1095,18,55,15),(1096,0,55,16),(1097,20,55,17),(1098,3,55,18),(1099,0,55,19),(1100,0,55,20),(1101,1,56,1),(1102,16,56,2),(1103,0,56,3),(1104,0,56,4),(1105,0,56,5),(1106,0,56,6),(1107,0,56,7),(1108,0,56,8),(1109,18,56,9),(1110,16,56,10),(1111,0,56,11),(1112,0,56,12),(1113,0,56,13),(1114,0,56,14),(1115,0,56,15),(1116,6,56,16),(1117,5,56,17),(1118,1,56,18),(1119,9,56,19),(1120,19,56,20),(1121,0,57,1),(1122,0,57,2),(1123,14,57,3),(1124,14,57,4),(1125,17,57,5),(1126,19,57,6),(1127,9,57,7),(1128,12,57,8),(1129,0,57,9),(1130,7,57,10),(1131,10,57,11),(1132,0,57,12),(1133,0,57,13),(1134,7,57,14),(1135,9,57,15),(1136,0,57,16),(1137,0,57,17),(1138,2,57,18),(1139,18,57,19),(1140,0,57,20),(1141,0,58,1),(1142,0,58,2),(1143,16,58,3),(1144,0,58,4),(1145,4,58,5),(1146,0,58,6),(1147,19,58,7),(1148,7,58,8),(1149,0,58,9),(1150,0,58,10),(1151,0,58,11),(1152,16,58,12),(1153,0,58,13),(1154,0,58,14),(1155,4,58,15),(1156,0,58,16),(1157,11,58,17),(1158,0,58,18),(1159,0,58,19),(1160,19,58,20),(1161,1,59,1),(1162,0,59,2),(1163,12,59,3),(1164,5,59,4),(1165,0,59,5),(1166,2,59,6),(1167,20,59,7),(1168,0,59,8),(1169,12,59,9),(1170,0,59,10),(1171,2,59,11),(1172,19,59,12),(1173,0,59,13),(1174,3,59,14),(1175,1,59,15),(1176,11,59,16),(1177,0,59,17),(1178,0,59,18),(1179,19,59,19),(1180,2,59,20),(1181,15,60,1),(1182,10,60,2),(1183,0,60,3),(1184,0,60,4),(1185,0,60,5),(1186,10,60,6),(1187,0,60,7),(1188,12,60,8),(1189,0,60,9),(1190,0,60,10),(1191,12,60,11),(1192,16,60,12),(1193,0,60,13),(1194,0,60,14),(1195,14,60,15),(1196,2,60,16),(1197,9,60,17),(1198,14,60,18),(1199,2,60,19),(1200,2,60,20),(1201,5,61,1),(1202,9,61,2),(1203,7,61,3),(1204,0,61,4),(1205,0,61,5),(1206,0,61,6),(1207,0,61,7),(1208,5,61,8),(1209,13,61,9),(1210,15,61,10),(1211,0,61,11),(1212,0,61,12),(1213,0,61,13),(1214,1,61,14),(1215,0,61,15),(1216,0,61,16),(1217,0,61,17),(1218,0,61,18),(1219,0,61,19),(1220,0,61,20),(1221,8,62,1),(1222,0,62,2),(1223,0,62,3),(1224,18,62,4),(1225,0,62,5),(1226,0,62,6),(1227,0,62,7),(1228,0,62,8),(1229,4,62,9),(1230,0,62,10),(1231,1,62,11),(1232,20,62,12),(1233,1,62,13),(1234,13,62,14),(1235,12,62,15),(1236,3,62,16),(1237,3,62,17),(1238,13,62,18),(1239,0,62,19),(1240,19,62,20),(1241,0,63,1),(1242,0,63,2),(1243,12,63,3),(1244,0,63,4),(1245,4,63,5),(1246,14,63,6),(1247,20,63,7),(1248,0,63,8),(1249,5,63,9),(1250,0,63,10),(1251,1,63,11),(1252,9,63,12),(1253,0,63,13),(1254,0,63,14),(1255,3,63,15),(1256,0,63,16),(1257,0,63,17),(1258,6,63,18),(1259,0,63,19),(1260,0,63,20),(1261,0,64,1),(1262,9,64,2),(1263,5,64,3),(1264,3,64,4),(1265,1,64,5),(1266,0,64,6),(1267,0,64,7),(1268,9,64,8),(1269,16,64,9),(1270,7,64,10),(1271,1,64,11),(1272,10,64,12),(1273,0,64,13),(1274,0,64,14),(1275,14,64,15),(1276,0,64,16),(1277,7,64,17),(1278,0,64,18),(1279,19,64,19),(1280,0,64,20),(1281,0,65,1),(1282,0,65,2),(1283,0,65,3),(1284,11,65,4),(1285,0,65,5),(1286,18,65,6),(1287,0,65,7),(1288,0,65,8),(1289,18,65,9),(1290,3,65,10),(1291,0,65,11),(1292,6,65,12),(1293,0,65,13),(1294,0,65,14),(1295,1,65,15),(1296,6,65,16),(1297,8,65,17),(1298,0,65,18),(1299,0,65,19),(1300,15,65,20),(1301,3,66,1),(1302,9,66,2),(1303,3,66,3),(1304,0,66,4),(1305,12,66,5),(1306,1,66,6),(1307,0,66,7),(1308,11,66,8),(1309,0,66,9),(1310,18,66,10),(1311,0,66,11),(1312,0,66,12),(1313,15,66,13),(1314,0,66,14),(1315,19,66,15),(1316,0,66,16),(1317,10,66,17),(1318,0,66,18),(1319,0,66,19),(1320,8,66,20),(1321,0,67,1),(1322,4,67,2),(1323,0,67,3),(1324,1,67,4),(1325,10,67,5),(1326,4,67,6),(1327,0,67,7),(1328,13,67,8),(1329,9,67,9),(1330,0,67,10),(1331,0,67,11),(1332,0,67,12),(1333,6,67,13),(1334,12,67,14),(1335,0,67,15),(1336,0,67,16),(1337,17,67,17),(1338,0,67,18),(1339,13,67,19),(1340,0,67,20),(1341,1,68,1),(1342,0,68,2),(1343,0,68,3),(1344,0,68,4),(1345,3,68,5),(1346,14,68,6),(1347,0,68,7),(1348,0,68,8),(1349,3,68,9),(1350,2,68,10),(1351,12,68,11),(1352,0,68,12),(1353,0,68,13),(1354,0,68,14),(1355,0,68,15),(1356,12,68,16),(1357,0,68,17),(1358,6,68,18),(1359,0,68,19),(1360,0,68,20),(1361,0,69,1),(1362,0,69,2),(1363,13,69,3),(1364,4,69,4),(1365,0,69,5),(1366,0,69,6),(1367,2,69,7),(1368,0,69,8),(1369,8,69,9),(1370,8,69,10),(1371,16,69,11),(1372,4,69,12),(1373,4,69,13),(1374,2,69,14),(1375,10,69,15),(1376,0,69,16),(1377,0,69,17),(1378,19,69,18),(1379,0,69,19),(1380,2,69,20),(1381,18,70,1),(1382,0,70,2),(1383,17,70,3),(1384,0,70,4),(1385,0,70,5),(1386,0,70,6),(1387,6,70,7),(1388,7,70,8),(1389,0,70,9),(1390,15,70,10),(1391,5,70,11),(1392,0,70,12),(1393,0,70,13),(1394,0,70,14),(1395,0,70,15),(1396,0,70,16),(1397,0,70,17),(1398,0,70,18),(1399,16,70,19),(1400,5,70,20),(1401,12,71,1),(1402,5,71,2),(1403,0,71,3),(1404,0,71,4),(1405,1,71,5),(1406,2,71,6),(1407,0,71,7),(1408,0,71,8),(1409,0,71,9),(1410,5,71,10),(1411,12,71,11),(1412,0,71,12),(1413,0,71,13),(1414,0,71,14),(1415,0,71,15),(1416,14,71,16),(1417,13,71,17),(1418,4,71,18),(1419,0,71,19),(1420,0,71,20),(1421,0,72,1),(1422,0,72,2),(1423,0,72,3),(1424,0,72,4),(1425,20,72,5),(1426,12,72,6),(1427,0,72,7),(1428,2,72,8),(1429,4,72,9),(1430,0,72,10),(1431,0,72,11),(1432,0,72,12),(1433,0,72,13),(1434,6,72,14),(1435,12,72,15),(1436,15,72,16),(1437,7,72,17),(1438,0,72,18),(1439,14,72,19),(1440,15,72,20),(1441,18,73,1),(1442,0,73,2),(1443,0,73,3),(1444,2,73,4),(1445,0,73,5),(1446,0,73,6),(1447,17,73,7),(1448,0,73,8),(1449,16,73,9),(1450,0,73,10),(1451,7,73,11),(1452,0,73,12),(1453,2,73,13),(1454,6,73,14),(1455,4,73,15),(1456,9,73,16),(1457,13,73,17),(1458,4,73,18),(1459,0,73,19),(1460,14,73,20),(1461,3,74,1),(1462,17,74,2),(1463,19,74,3),(1464,0,74,4),(1465,7,74,5),(1466,8,74,6),(1467,11,74,7),(1468,8,74,8),(1469,0,74,9),(1470,0,74,10),(1471,16,74,11),(1472,12,74,12),(1473,0,74,13),(1474,15,74,14),(1475,20,74,15),(1476,11,74,16),(1477,0,74,17),(1478,0,74,18),(1479,16,74,19),(1480,0,74,20),(1481,0,75,1),(1482,4,75,2),(1483,0,75,3),(1484,0,75,4),(1485,0,75,5),(1486,14,75,6),(1487,0,75,7),(1488,0,75,8),(1489,6,75,9),(1490,0,75,10),(1491,0,75,11),(1492,6,75,12),(1493,0,75,13),(1494,0,75,14),(1495,0,75,15),(1496,18,75,16),(1497,20,75,17),(1498,18,75,18),(1499,0,75,19),(1500,14,75,20),(1501,3,76,1),(1502,7,76,2),(1503,0,76,3),(1504,0,76,4),(1505,10,76,5),(1506,13,76,6),(1507,0,76,7),(1508,14,76,8),(1509,0,76,9),(1510,8,76,10),(1511,10,76,11),(1512,17,76,12),(1513,0,76,13),(1514,19,76,14),(1515,0,76,15),(1516,0,76,16),(1517,0,76,17),(1518,0,76,18),(1519,14,76,19),(1520,0,76,20),(1521,8,77,1),(1522,0,77,2),(1523,6,77,3),(1524,0,77,4),(1525,4,77,5),(1526,13,77,6),(1527,2,77,7),(1528,0,77,8),(1529,16,77,9),(1530,0,77,10),(1531,0,77,11),(1532,0,77,12),(1533,0,77,13),(1534,12,77,14),(1535,0,77,15),(1536,15,77,16),(1537,0,77,17),(1538,0,77,18),(1539,0,77,19),(1540,0,77,20),(1541,5,78,1),(1542,0,78,2),(1543,0,78,3),(1544,0,78,4),(1545,0,78,5),(1546,12,78,6),(1547,0,78,7),(1548,0,78,8),(1549,16,78,9),(1550,6,78,10),(1551,0,78,11),(1552,4,78,12),(1553,0,78,13),(1554,7,78,14),(1555,0,78,15),(1556,0,78,16),(1557,11,78,17),(1558,0,78,18),(1559,17,78,19),(1560,3,78,20),(1561,0,79,1),(1562,20,79,2),(1563,5,79,3),(1564,0,79,4),(1565,2,79,5),(1566,0,79,6),(1567,0,79,7),(1568,0,79,8),(1569,0,79,9),(1570,13,79,10),(1571,0,79,11),(1572,11,79,12),(1573,0,79,13),(1574,6,79,14),(1575,0,79,15),(1576,0,79,16),(1577,5,79,17),(1578,1,79,18),(1579,0,79,19),(1580,0,79,20),(1581,19,80,1),(1582,0,80,2),(1583,8,80,3),(1584,0,80,4),(1585,0,80,5),(1586,0,80,6),(1587,0,80,7),(1588,2,80,8),(1589,19,80,9),(1590,18,80,10),(1591,0,80,11),(1592,0,80,12),(1593,0,80,13),(1594,0,80,14),(1595,10,80,15),(1596,0,80,16),(1597,16,80,17),(1598,12,80,18),(1599,0,80,19),(1600,0,80,20),(1601,14,81,1),(1602,0,81,2),(1603,12,81,3),(1604,0,81,4),(1605,16,81,5),(1606,19,81,6),(1607,0,81,7),(1608,0,81,8),(1609,0,81,9),(1610,0,81,10),(1611,0,81,11),(1612,0,81,12),(1613,2,81,13),(1614,8,81,14),(1615,1,81,15),(1616,0,81,16),(1617,17,81,17),(1618,0,81,18),(1619,0,81,19),(1620,16,81,20),(1621,5,82,1),(1622,0,82,2),(1623,3,82,3),(1624,10,82,4),(1625,0,82,5),(1626,17,82,6),(1627,0,82,7),(1628,0,82,8),(1629,0,82,9),(1630,13,82,10),(1631,0,82,11),(1632,11,82,12),(1633,1,82,13),(1634,0,82,14),(1635,0,82,15),(1636,0,82,16),(1637,0,82,17),(1638,0,82,18),(1639,0,82,19),(1640,17,82,20),(1641,12,83,1),(1642,1,83,2),(1643,14,83,3),(1644,0,83,4),(1645,11,83,5),(1646,20,83,6),(1647,0,83,7),(1648,14,83,8),(1649,11,83,9),(1650,0,83,10),(1651,0,83,11),(1652,0,83,12),(1653,0,83,13),(1654,0,83,14),(1655,16,83,15),(1656,12,83,16),(1657,0,83,17),(1658,12,83,18),(1659,0,83,19),(1660,13,83,20),(1661,3,84,1),(1662,0,84,2),(1663,0,84,3),(1664,10,84,4),(1665,1,84,5),(1666,12,84,6),(1667,13,84,7),(1668,0,84,8),(1669,0,84,9),(1670,16,84,10),(1671,0,84,11),(1672,0,84,12),(1673,0,84,13),(1674,8,84,14),(1675,5,84,15),(1676,18,84,16),(1677,15,84,17),(1678,0,84,18),(1679,13,84,19),(1680,0,84,20),(1681,0,85,1),(1682,16,85,2),(1683,0,85,3),(1684,0,85,4),(1685,20,85,5),(1686,10,85,6),(1687,0,85,7),(1688,0,85,8),(1689,5,85,9),(1690,0,85,10),(1691,13,85,11),(1692,0,85,12),(1693,0,85,13),(1694,9,85,14),(1695,9,85,15),(1696,5,85,16),(1697,19,85,17),(1698,0,85,18),(1699,0,85,19),(1700,0,85,20),(1701,0,86,1),(1702,14,86,2),(1703,0,86,3),(1704,0,86,4),(1705,4,86,5),(1706,12,86,6),(1707,0,86,7),(1708,5,86,8),(1709,3,86,9),(1710,0,86,10),(1711,0,86,11),(1712,11,86,12),(1713,11,86,13),(1714,0,86,14),(1715,9,86,15),(1716,13,86,16),(1717,3,86,17),(1718,0,86,18),(1719,0,86,19),(1720,0,86,20),(1721,0,87,1),(1722,0,87,2),(1723,0,87,3),(1724,0,87,4),(1725,0,87,5),(1726,9,87,6),(1727,18,87,7),(1728,20,87,8),(1729,5,87,9),(1730,0,87,10),(1731,3,87,11),(1732,8,87,12),(1733,0,87,13),(1734,0,87,14),(1735,19,87,15),(1736,1,87,16),(1737,8,87,17),(1738,6,87,18),(1739,17,87,19),(1740,0,87,20),(1741,6,88,1),(1742,0,88,2),(1743,9,88,3),(1744,7,88,4),(1745,9,88,5),(1746,0,88,6),(1747,13,88,7),(1748,11,88,8),(1749,0,88,9),(1750,4,88,10),(1751,18,88,11),(1752,18,88,12),(1753,0,88,13),(1754,6,88,14),(1755,0,88,15),(1756,0,88,16),(1757,0,88,17),(1758,1,88,18),(1759,0,88,19),(1760,8,88,20),(1761,0,89,1),(1762,0,89,2),(1763,0,89,3),(1764,1,89,4),(1765,8,89,5),(1766,4,89,6),(1767,0,89,7),(1768,0,89,8),(1769,0,89,9),(1770,0,89,10),(1771,6,89,11),(1772,7,89,12),(1773,0,89,13),(1774,0,89,14),(1775,3,89,15),(1776,0,89,16),(1777,2,89,17),(1778,10,89,18),(1779,20,89,19),(1780,8,89,20),(1781,0,90,1),(1782,0,90,2),(1783,16,90,3),(1784,0,90,4),(1785,0,90,5),(1786,0,90,6),(1787,0,90,7),(1788,0,90,8),(1789,4,90,9),(1790,0,90,10),(1791,0,90,11),(1792,0,90,12),(1793,0,90,13),(1794,0,90,14),(1795,0,90,15),(1796,7,90,16),(1797,0,90,17),(1798,0,90,18),(1799,0,90,19),(1800,0,90,20),(1801,0,91,1),(1802,0,91,2),(1803,2,91,3),(1804,4,91,4),(1805,20,91,5),(1806,10,91,6),(1807,0,91,7),(1808,1,91,8),(1809,0,91,9),(1810,0,91,10),(1811,0,91,11),(1812,17,91,12),(1813,0,91,13),(1814,13,91,14),(1815,12,91,15),(1816,10,91,16),(1817,0,91,17),(1818,4,91,18),(1819,17,91,19),(1820,0,91,20),(1821,0,92,1),(1822,5,92,2),(1823,0,92,3),(1824,0,92,4),(1825,0,92,5),(1826,16,92,6),(1827,10,92,7),(1828,0,92,8),(1829,9,92,9),(1830,5,92,10),(1831,11,92,11),(1832,0,92,12),(1833,14,92,13),(1834,18,92,14),(1835,12,92,15),(1836,0,92,16),(1837,0,92,17),(1838,16,92,18),(1839,0,92,19),(1840,5,92,20),(1841,3,93,1),(1842,7,93,2),(1843,0,93,3),(1844,18,93,4),(1845,6,93,5),(1846,18,93,6),(1847,15,93,7),(1848,0,93,8),(1849,0,93,9),(1850,0,93,10),(1851,0,93,11),(1852,10,93,12),(1853,0,93,13),(1854,9,93,14),(1855,0,93,15),(1856,0,93,16),(1857,0,93,17),(1858,3,93,18),(1859,0,93,19),(1860,0,93,20),(1861,6,94,1),(1862,0,94,2),(1863,0,94,3),(1864,0,94,4),(1865,15,94,5),(1866,15,94,6),(1867,3,94,7),(1868,14,94,8),(1869,5,94,9),(1870,0,94,10),(1871,10,94,11),(1872,8,94,12),(1873,0,94,13),(1874,19,94,14),(1875,0,94,15),(1876,14,94,16),(1877,4,94,17),(1878,0,94,18),(1879,13,94,19),(1880,0,94,20),(1881,0,95,1),(1882,0,95,2),(1883,7,95,3),(1884,3,95,4),(1885,6,95,5),(1886,4,95,6),(1887,0,95,7),(1888,0,95,8),(1889,10,95,9),(1890,0,95,10),(1891,0,95,11),(1892,8,95,12),(1893,16,95,13),(1894,0,95,14),(1895,19,95,15),(1896,8,95,16),(1897,0,95,17),(1898,19,95,18),(1899,2,95,19),(1900,0,95,20),(1901,0,96,1),(1902,20,96,2),(1903,15,96,3),(1904,0,96,4),(1905,0,96,5),(1906,0,96,6),(1907,1,96,7),(1908,15,96,8),(1909,0,96,9),(1910,0,96,10),(1911,20,96,11),(1912,0,96,12),(1913,19,96,13),(1914,19,96,14),(1915,16,96,15),(1916,0,96,16),(1917,0,96,17),(1918,4,96,18),(1919,12,96,19),(1920,0,96,20),(1921,0,97,1),(1922,11,97,2),(1923,3,97,3),(1924,4,97,4),(1925,0,97,5),(1926,0,97,6),(1927,16,97,7),(1928,9,97,8),(1929,19,97,9),(1930,10,97,10),(1931,1,97,11),(1932,0,97,12),(1933,0,97,13),(1934,0,97,14),(1935,0,97,15),(1936,0,97,16),(1937,0,97,17),(1938,0,97,18),(1939,0,97,19),(1940,0,97,20),(1941,3,98,1),(1942,0,98,2),(1943,17,98,3),(1944,12,98,4),(1945,0,98,5),(1946,0,98,6),(1947,0,98,7),(1948,15,98,8),(1949,11,98,9),(1950,0,98,10),(1951,0,98,11),(1952,0,98,12),(1953,0,98,13),(1954,0,98,14),(1955,0,98,15),(1956,0,98,16),(1957,0,98,17),(1958,0,98,18),(1959,8,98,19),(1960,10,98,20),(1961,4,99,1),(1962,0,99,2),(1963,5,99,3),(1964,0,99,4),(1965,0,99,5),(1966,0,99,6),(1967,0,99,7),(1968,19,99,8),(1969,0,99,9),(1970,9,99,10),(1971,10,99,11),(1972,20,99,12),(1973,13,99,13),(1974,0,99,14),(1975,17,99,15),(1976,0,99,16),(1977,12,99,17),(1978,0,99,18),(1979,11,99,19),(1980,0,99,20),(1981,0,100,1),(1982,0,100,2),(1983,0,100,3),(1984,3,100,4),(1985,0,100,5),(1986,0,100,6),(1987,19,100,7),(1988,12,100,8),(1989,2,100,9),(1990,3,100,10),(1991,8,100,11),(1992,17,100,12),(1993,5,100,13),(1994,20,100,14),(1995,0,100,15),(1996,7,100,16),(1997,9,100,17),(1998,15,100,18),(1999,0,100,19),(2000,0,100,20);
/*!40000 ALTER TABLE `inventory` ENABLE KEYS */;
UNLOCK TABLES;

--
-- Table structure for table `products`
--

DROP TABLE IF EXISTS `products`;
/*!40101 SET @saved_cs_client     = @@character_set_client */;
/*!40101 SET character_set_client = utf8 */;
CREATE TABLE `products` (
  `id` int(11) NOT NULL AUTO_INCREMENT,
  `name` varchar(150) NOT NULL,
  `product_line` varchar(350) DEFAULT NULL,
  `tag` int(1) NOT NULL,
  `price` decimal(10,2) NOT NULL,
  `online_inventory` int(1) NOT NULL,
  `rating` decimal(3,2) NOT NULL,
  `review_count` int(5) NOT NULL,
  `customer_limit` int(2) NOT NULL,
  `liked` int(1) NOT NULL,
  `category_1` varchar(150) DEFAULT NULL,
  `category_2` varchar(150) DEFAULT NULL,
  `category_3` varchar(150) DEFAULT NULL,
  PRIMARY KEY (`id`)
) ENGINE=InnoDB AUTO_INCREMENT=101 DEFAULT CHARSET=utf8;
/*!40101 SET character_set_client = @saved_cs_client */;

--
-- Dumping data for table `products`
--

LOCK TABLES `products` WRITE;
/*!40000 ALTER TABLE `products` DISABLE KEYS */;
INSERT INTO `products` VALUES (1,'LEGO® Intelligent Granite Pants','Rubber™',3,452.99,1,1.79,986,6,0,'Rubber™','Generic','Shoes®'),(2,'LEGO® Fantastic Metal Bacon','Cotton™',2,32.99,1,2.73,437,12,1,'Cotton™','Gorgeous','Tools®'),(3,'LEGO® Incredible Steel Computer','Cotton™',1,131.99,1,4.04,573,3,0,'Cotton™','Generic','Games®'),(4,'LEGO® Generic Fresh Chicken','Fresh™',2,65.99,1,4.61,607,3,0,'Fresh™','Intelligent','Shoes®'),(5,'LEGO® Ergonomic Rubber Mouse','Metal™',3,246.99,0,3.85,908,10,1,'Metal™','Tasty','Baby®'),(6,'LEGO® Sleek Concrete Hat','Fresh™',2,127.99,0,0.61,916,12,0,'Fresh™','Ergonomic','Computers®'),(7,'LEGO® Unbranded Fresh Pants','Plastic™',2,172.99,0,2.97,388,3,0,'Plastic™','Handcrafted','Baby®'),(8,'LEGO® Handcrafted Fresh Chicken','Granite™',2,18.99,1,4.25,516,1,1,'Granite™','Handmade','Industrial®'),(9,'LEGO® Rustic Cotton Shoes','Soft™',3,131.99,0,3.13,460,12,0,'Soft™','Licensed','Clothing®'),(10,'LEGO® Gorgeous Soft Pizza','Fresh™',1,51.99,0,1.28,54,15,0,'Fresh™','Ergonomic','Music®'),(11,'LEGO® Incredible Soft Keyboard','Metal™',1,301.99,0,0.55,514,7,1,'Metal™','Practical','Clothing®'),(12,'LEGO® Ergonomic Soft Tuna','Cotton™',2,477.99,1,3.94,599,7,1,'Cotton™','Tasty','Movies®'),(13,'LEGO® Handcrafted Granite Shoes','Soft™',1,136.99,0,4.43,882,8,1,'Soft™','Sleek','Outdoors®'),(14,'LEGO® Sleek Concrete Gloves','Fresh™',3,214.99,0,0.15,593,4,1,'Fresh™','Generic','Garden®'),(15,'LEGO® Sleek Steel Chips','Plastic™',1,96.99,0,2.89,469,10,0,'Plastic™','Intelligent','Baby®'),(16,'LEGO® Unbranded Rubber Cheese','Frozen™',0,334.99,0,2.80,48,5,0,'Frozen™','Sleek','Movies®'),(17,'LEGO® Incredible Frozen Salad','Plastic™',0,352.99,1,2.72,574,7,0,'Plastic™','Licensed','Toys®'),(18,'LEGO® Rustic Steel Salad','Granite™',2,59.99,0,3.21,88,14,0,'Granite™','Awesome','Grocery®'),(19,'LEGO® Generic Frozen Car','Concrete™',3,410.99,0,1.11,447,13,0,'Concrete™','Sleek','Grocery®'),(20,'LEGO® Small Rubber Chicken','Rubber™',2,59.99,0,4.75,476,2,0,'Rubber™','Incredible','Clothing®'),(21,'LEGO® Rustic Steel Mouse','Steel™',1,401.99,0,1.20,139,5,0,'Steel™','Gorgeous','Home®'),(22,'LEGO® Small Frozen Sausages','Soft™',0,27.99,0,4.93,682,5,0,'Soft™','Licensed','Electronics®'),(23,'LEGO® Tasty Soft Chair','Steel™',1,335.99,0,3.45,353,12,1,'Steel™','Tasty','Kids®'),(24,'LEGO® Incredible Wooden Computer','Metal™',2,348.99,1,0.73,477,15,0,'Metal™','Practical','Shoes®'),(25,'LEGO® Practical Rubber Hat','Plastic™',0,79.99,1,2.47,352,4,0,'Plastic™','Rustic','Shoes®'),(26,'LEGO® Licensed Plastic Salad','Plastic™',1,149.99,1,4.85,643,11,0,'Plastic™','Refined','Garden®'),(27,'LEGO® Refined Steel Mouse','Metal™',2,86.99,0,0.32,604,1,0,'Metal™','Practical','Music®'),(28,'LEGO® Tasty Concrete Soap','Fresh™',2,351.99,1,1.05,786,11,0,'Fresh™','Rustic','Movies®'),(29,'LEGO® Incredible Fresh Keyboard','Concrete™',1,110.99,0,0.27,528,14,1,'Concrete™','Gorgeous','Electronics®'),(30,'LEGO® Generic Metal Bike','Fresh™',3,70.99,0,0.13,192,8,0,'Fresh™','Generic','Baby®'),(31,'LEGO® Incredible Concrete Chips','Wooden™',1,236.99,0,2.46,40,4,1,'Wooden™','Sleek','Books®'),(32,'LEGO® Licensed Wooden Tuna','Soft™',0,235.99,1,1.83,94,8,1,'Soft™','Generic','Outdoors®'),(33,'LEGO® Generic Wooden Salad','Rubber™',3,398.99,0,2.35,2,14,0,'Rubber™','Small','Tools®'),(34,'LEGO® Refined Steel Shoes','Plastic™',3,170.99,1,3.47,551,15,0,'Plastic™','Tasty','Home®'),(35,'LEGO® Licensed Concrete Computer','Fresh™',0,342.99,0,1.96,881,7,1,'Fresh™','Gorgeous','Toys®'),(36,'LEGO® Refined Steel Ball','Granite™',2,337.99,0,0.28,646,7,1,'Granite™','Sleek','Movies®'),(37,'LEGO® Gorgeous Granite Table','Cotton™',2,342.99,1,0.91,354,1,1,'Cotton™','Refined','Jewelery®'),(38,'LEGO® Refined Fresh Cheese','Concrete™',3,174.99,1,3.12,400,11,1,'Concrete™','Awesome','Health®'),(39,'LEGO® Refined Wooden Hat','Steel™',2,327.99,1,0.16,466,1,1,'Steel™','Handmade','Shoes®'),(40,'LEGO® Small Metal Shoes','Steel™',1,62.99,1,4.92,87,14,0,'Steel™','Handcrafted','Tools®'),(41,'LEGO® Incredible Soft Gloves','Plastic™',0,9.99,0,1.20,25,6,1,'Plastic™','Licensed','Garden®'),(42,'LEGO® Tasty Granite Bacon','Cotton™',0,378.99,0,3.07,6,11,1,'Cotton™','Awesome','Toys®'),(43,'LEGO® Fantastic Wooden Pants','Concrete™',1,196.99,0,0.27,188,8,0,'Concrete™','Tasty','Music®'),(44,'LEGO® Licensed Metal Fish','Rubber™',0,459.99,1,0.65,97,14,0,'Rubber™','Practical','Tools®'),(45,'LEGO® Gorgeous Rubber Soap','Rubber™',0,196.99,0,3.27,997,13,0,'Rubber™','Unbranded','Shoes®'),(46,'LEGO® Ergonomic Frozen Mouse','Fresh™',3,26.99,0,4.60,447,7,0,'Fresh™','Ergonomic','Movies®'),(47,'LEGO® Sleek Plastic Fish','Soft™',3,209.99,1,4.28,103,6,0,'Soft™','Incredible','Computers®'),(48,'LEGO® Licensed Granite Chair','Concrete™',2,150.99,1,1.41,652,15,1,'Concrete™','Handmade','Health®'),(49,'LEGO® Incredible Cotton Pants','Cotton™',2,207.99,1,2.65,902,2,1,'Cotton™','Sleek','Home®'),(50,'LEGO® Ergonomic Rubber Chicken','Concrete™',2,100.99,0,1.17,202,9,0,'Concrete™','Awesome','Outdoors®'),(51,'LEGO® Unbranded Wooden Pizza','Steel™',0,231.99,0,1.45,74,13,0,'Steel™','Unbranded','Electronics®'),(52,'LEGO® Small Plastic Chicken','Wooden™',2,250.99,1,0.39,294,11,0,'Wooden™','Sleek','Sports®'),(53,'LEGO® Unbranded Granite Ball','Frozen™',0,419.99,1,2.52,120,10,0,'Frozen™','Intelligent','Music®'),(54,'LEGO® Unbranded Frozen Chicken','Concrete™',2,198.99,1,4.24,855,14,0,'Concrete™','Incredible','Computers®'),(55,'LEGO® Handcrafted Plastic Car','Concrete™',0,254.99,1,4.56,583,12,0,'Concrete™','Gorgeous','Music®'),(56,'LEGO® Awesome Fresh Keyboard','Frozen™',1,394.99,1,0.26,403,5,1,'Frozen™','Tasty','Electronics®'),(57,'LEGO® Handcrafted Steel Chips','Granite™',3,111.99,0,3.88,113,11,0,'Granite™','Ergonomic','Toys®'),(58,'LEGO® Incredible Cotton Hat','Frozen™',3,376.99,1,1.10,986,2,0,'Frozen™','Handmade','Clothing®'),(59,'LEGO® Handcrafted Fresh Tuna','Cotton™',2,497.99,0,1.07,865,15,1,'Cotton™','Fantastic','Shoes®'),(60,'LEGO® Handcrafted Wooden Table','Rubber™',1,164.99,1,3.24,647,12,0,'Rubber™','Awesome','Automotive®'),(61,'LEGO® Intelligent Fresh Car','Fresh™',3,152.99,0,0.28,464,7,0,'Fresh™','Incredible','Garden®'),(62,'LEGO® Handcrafted Rubber Ball','Concrete™',1,329.99,1,2.49,790,12,1,'Concrete™','Tasty','Garden®'),(63,'LEGO® Refined Cotton Tuna','Soft™',3,421.99,0,2.81,866,8,0,'Soft™','Intelligent','Home®'),(64,'LEGO® Licensed Fresh Sausages','Rubber™',2,212.99,1,4.89,714,2,1,'Rubber™','Handmade','Automotive®'),(65,'LEGO® Refined Plastic Pants','Steel™',1,310.99,1,4.81,912,7,1,'Steel™','Ergonomic','Computers®'),(66,'LEGO® Generic Frozen Chips','Plastic™',0,180.99,0,1.62,947,2,1,'Plastic™','Ergonomic','Grocery®'),(67,'LEGO® Refined Cotton Fish','Concrete™',3,355.99,1,2.86,422,8,1,'Concrete™','Refined','Garden®'),(68,'LEGO® Small Concrete Chips','Fresh™',2,347.99,1,0.73,709,5,0,'Fresh™','Awesome','Toys®'),(69,'LEGO® Awesome Metal Pizza','Steel™',1,253.99,1,0.94,575,2,1,'Steel™','Small','Tools®'),(70,'LEGO® Handcrafted Frozen Tuna','Concrete™',3,174.99,1,1.28,673,10,0,'Concrete™','Awesome','Music®'),(71,'LEGO® Small Metal Pants','Plastic™',2,313.99,1,1.15,464,2,0,'Plastic™','Intelligent','Toys®'),(72,'LEGO® Intelligent Concrete Mouse','Steel™',2,350.99,1,0.96,719,12,1,'Steel™','Practical','Jewelery®'),(73,'LEGO® Awesome Steel Fish','Cotton™',2,237.99,1,4.55,98,4,1,'Cotton™','Fantastic','Games®'),(74,'LEGO® Rustic Granite Cheese','Steel™',3,7.99,0,1.88,661,2,0,'Steel™','Handmade','Toys®'),(75,'LEGO® Rustic Metal Shirt','Wooden™',0,255.99,1,0.57,126,9,0,'Wooden™','Tasty','Clothing®'),(76,'LEGO® Generic Frozen Mouse','Rubber™',2,330.99,1,3.39,312,8,1,'Rubber™','Intelligent','Garden®'),(77,'LEGO® Practical Granite Cheese','Wooden™',3,164.99,1,1.98,966,3,0,'Wooden™','Rustic','Grocery®'),(78,'LEGO® Tasty Frozen Ball','Steel™',2,413.99,0,0.52,601,3,0,'Steel™','Sleek','Computers®'),(79,'LEGO® Fantastic Soft Bike','Rubber™',0,115.99,0,1.98,851,10,1,'Rubber™','Generic','Music®'),(80,'LEGO® Sleek Steel Hat','Cotton™',0,410.99,1,2.55,310,13,1,'Cotton™','Fantastic','Baby®'),(81,'LEGO® Tasty Concrete Tuna','Cotton™',2,38.99,1,4.62,370,4,1,'Cotton™','Refined','Sports®'),(82,'LEGO® Handmade Plastic Mouse','Soft™',2,498.99,1,3.56,842,15,0,'Soft™','Refined','Garden®'),(83,'LEGO® Tasty Frozen Salad','Soft™',3,105.99,1,2.69,406,2,0,'Soft™','Refined','Shoes®'),(84,'LEGO® Awesome Cotton Sausages','Concrete™',3,228.99,0,0.24,429,10,0,'Concrete™','Intelligent','Industrial®'),(85,'LEGO® Intelligent Plastic Shoes','Granite™',2,273.99,0,2.84,105,6,1,'Granite™','Awesome','Kids®'),(86,'LEGO® Rustic Soft Hat','Steel™',2,402.99,0,3.75,608,15,0,'Steel™','Awesome','Kids®'),(87,'LEGO® Fantastic Rubber Chips','Metal™',2,29.99,1,2.34,107,13,0,'Metal™','Generic','Computers®'),(88,'LEGO® Small Steel Salad','Wooden™',2,104.99,1,3.24,879,8,1,'Wooden™','Ergonomic','Baby®'),(89,'LEGO® Fantastic Granite Sausages','Plastic™',2,448.99,0,1.34,781,5,1,'Plastic™','Refined','Kids®'),(90,'LEGO® Generic Soft Salad','Cotton™',1,200.99,1,4.88,556,3,1,'Cotton™','Refined','Home®'),(91,'LEGO® Intelligent Metal Bike','Wooden™',0,139.99,1,0.98,512,15,1,'Wooden™','Gorgeous','Games®'),(92,'LEGO® Small Soft Pants','Cotton™',0,79.99,1,3.68,774,9,1,'Cotton™','Fantastic','Health®'),(93,'LEGO® Generic Wooden Car','Plastic™',2,286.99,1,3.53,158,4,1,'Plastic™','Ergonomic','Grocery®'),(94,'LEGO® Incredible Wooden Shoes','Granite™',2,438.99,1,1.96,742,7,0,'Granite™','Refined','Tools®'),(95,'LEGO® Handmade Granite Pizza','Wooden™',1,168.99,1,3.60,24,3,1,'Wooden™','Unbranded','Electronics®'),(96,'LEGO® Small Wooden Salad','Metal™',1,192.99,0,1.03,291,9,0,'Metal™','Gorgeous','Tools®'),(97,'LEGO® Sleek Concrete Shirt','Granite™',0,477.99,1,1.53,142,10,1,'Granite™','Unbranded','Industrial®'),(98,'LEGO® Generic Plastic Soap','Cotton™',2,455.99,1,2.73,923,8,0,'Cotton™','Tasty','Outdoors®'),(99,'LEGO® Sleek Plastic Pants','Steel™',3,12.99,0,3.15,166,9,1,'Steel™','Refined','Movies®'),(100,'LEGO® Sleek Metal Sausages','Cotton™',3,278.99,1,2.29,502,4,1,'Cotton™','Gorgeous','Electronics®');
/*!40000 ALTER TABLE `products` ENABLE KEYS */;
UNLOCK TABLES;

--
-- Table structure for table `stores`
--

DROP TABLE IF EXISTS `stores`;
/*!40101 SET @saved_cs_client     = @@character_set_client */;
/*!40101 SET character_set_client = utf8 */;
CREATE TABLE `stores` (
  `id` int(11) NOT NULL AUTO_INCREMENT,
  `name` varchar(150) NOT NULL,
  `address` varchar(250) NOT NULL,
  `city` varchar(150) NOT NULL,
  `state` varchar(2) NOT NULL,
  `zip` varchar(10) NOT NULL,
  `phone` varchar(30) NOT NULL,
  `details` varchar(350) NOT NULL,
  PRIMARY KEY (`id`)
) ENGINE=InnoDB AUTO_INCREMENT=21 DEFAULT CHARSET=utf8;
/*!40101 SET character_set_client = @saved_cs_client */;

--
-- Dumping data for table `stores`
--

LOCK TABLES `stores` WRITE;
/*!40000 ALTER TABLE `stores` DISABLE KEYS */;
INSERT INTO `stores` VALUES (1,'LEGO® Store Mraz Squares','777 Tiana Squares','New Leone','MT','61620','(522) 379-1516 x2428','https://fec-lego.s3-us-west-1.amazonaws.com/Store+Details/store+1.png'),(2,'LEGO® Store Boyer Road','0268 Cathryn Trail','Port Shayneburgh','IA','50124','(221) 323-3109 x979','https://fec-lego.s3-us-west-1.amazonaws.com/Store+Details/store+2.png'),(3,'LEGO® Store Hahn Gateway','73981 Lila Glens','Zulaufport','GA','11625','832.808.2571 x80827','https://fec-lego.s3-us-west-1.amazonaws.com/Store+Details/store+3.png'),(4,'LEGO® Store Schamberger Flat','500 Hubert Mall','Laurychester','FL','39574','(706) 372-5055','https://fec-lego.s3-us-west-1.amazonaws.com/Store+Details/store+4.png'),(5,'LEGO® Store Therese Track','8209 Breitenberg Fort','New Emely','MA','71505','551-699-2301','https://fec-lego.s3-us-west-1.amazonaws.com/Store+Details/store+5.png'),(6,'LEGO® Store Kailee Ville','804 Colleen Ramp','Orphamouth','SD','43293','(818) 611-3764','https://fec-lego.s3-us-west-1.amazonaws.com/Store+Details/store+6.png'),(7,'LEGO® Store Goldner Estates','57606 Moen Springs','Raybury','NY','24970','218.390.7646','https://fec-lego.s3-us-west-1.amazonaws.com/Store+Details/store+7.png'),(8,'LEGO® Store Schultz Mountain','419 Reynolds Club','Kosstown','NJ','57516','(751) 539-5142 x51079','https://fec-lego.s3-us-west-1.amazonaws.com/Store+Details/store+8.png'),(9,'LEGO® Store Howe Cove','32845 Schumm Trafficway','West Raleighland','VT','00050','321.690.5352','https://fec-lego.s3-us-west-1.amazonaws.com/Store+Details/store+9.png'),(10,'LEGO® Store Zieme Spurs','02836 Reichel Greens','East Madie','TX','11372','1-235-826-7683 x4860','https://fec-lego.s3-us-west-1.amazonaws.com/Store+Details/store+10.png'),(11,'LEGO® Store Anne Oval','23728 Kirlin Turnpike','Carolynefort','TX','82773','668.583.6529 x1205','https://fec-lego.s3-us-west-1.amazonaws.com/Store+Details/store+11.png'),(12,'LEGO® Store Wyman Stream','94890 Kuhic Fort','West Chanel','ID','50588','908-465-1277','https://fec-lego.s3-us-west-1.amazonaws.com/Store+Details/store+12.png'),(13,'LEGO® Store Obie Mount','37026 Boehm Ramp','Cassinburgh','NH','58920','(938) 837-3564','https://fec-lego.s3-us-west-1.amazonaws.com/Store+Details/store+13.png'),(14,'LEGO® Store Angelina Rapid','895 Christiansen Burg','Camillamouth','GA','51095','(936) 691-9697 x88759','https://fec-lego.s3-us-west-1.amazonaws.com/Store+Details/store+14.png'),(15,'LEGO® Store Wuckert Coves','110 Volkman Springs','Port Jeffereyburgh','MI','84190','430-545-7125','https://fec-lego.s3-us-west-1.amazonaws.com/Store+Details/store+15.png'),(16,'LEGO® Store Yost Divide','5275 Jerrell Place','North Ardellabury','DE','63809','907.651.1993 x6835','https://fec-lego.s3-us-west-1.amazonaws.com/Store+Details/store+16.png'),(17,'LEGO® Store Frida Cove','21057 Ara Valleys','Langworthport','CT','25534','(619) 864-5370','https://fec-lego.s3-us-west-1.amazonaws.com/Store+Details/store+17.png'),(18,'LEGO® Store Jarvis Square','329 Russel Heights','Kirlinview','ND','90135','513.251.8834','https://fec-lego.s3-us-west-1.amazonaws.com/Store+Details/store+18.png'),(19,'LEGO® Store Leannon Springs','699 Olson Tunnel','West D\'angelo','IA','15793','436-555-6252','https://fec-lego.s3-us-west-1.amazonaws.com/Store+Details/store+19.png'),(20,'LEGO® Store Arielle Mill','9947 Damon Field','East Wilfredton','AZ','49678','751-937-9493 x90402','https://fec-lego.s3-us-west-1.amazonaws.com/Store+Details/store+20.png');
/*!40000 ALTER TABLE `stores` ENABLE KEYS */;
UNLOCK TABLES;
/*!40103 SET TIME_ZONE=@OLD_TIME_ZONE */;

/*!40101 SET SQL_MODE=@OLD_SQL_MODE */;
/*!40014 SET FOREIGN_KEY_CHECKS=@OLD_FOREIGN_KEY_CHECKS */;
/*!40014 SET UNIQUE_CHECKS=@OLD_UNIQUE_CHECKS */;
/*!40101 SET CHARACTER_SET_CLIENT=@OLD_CHARACTER_SET_CLIENT */;
/*!40101 SET CHARACTER_SET_RESULTS=@OLD_CHARACTER_SET_RESULTS */;
/*!40101 SET COLLATION_CONNECTION=@OLD_COLLATION_CONNECTION */;
/*!40111 SET SQL_NOTES=@OLD_SQL_NOTES */;

-- Dump completed on 2020-10-08 19:51:09
